<?xml version="1.0" encoding="UTF-8"?>
<!DOCTYPE suite SYSTEM "https://testng.org/testng-1.0.dtd">
<suite name="Suite" parallel="tests" verbose="5">

	<test name="ChromeBrowserTesting">
		<parameter name="browser" value="chrome"></parameter>
		<classes>
			<class name="testcases.RunLogin" />

		</classes>
	</test> <!-- Test -->


	<test name="EdgeBrowserTesting">
		<parameter name="browser" value="edge"></parameter>
		<classes>
			<class name="testcases.RunCreateLead" />
		</classes>
	</test> <!-- Test -->

	<test name="FirefoxBrowserTesting">
		<parameter name="browser" value="firefox"></parameter>
		<classes>
			<class name="testcases.RunCreateLead" />
		</classes>
	</test> <!-- Test -->
</suite> <!-- Suite -->
